{
  "sections": {
    "image_banner": {
      "type": "image-banner",
      "blocks": {
        "heading": {
          "type": "heading",
          "settings": {
            "heading": "Timeless Elegance, Crafted for You",
            "heading_size": "h1"
          }
        },
        "text": {
          "type": "text",
          "settings": {
            "text": "Discover our collection of fine jewelry, where traditional craftsmanship meets modern design.",
            "text_style": "body"
          }
        },
        "buttons": {
          "type": "buttons",
          "settings": {
            "button_label_1": "Shop Now",
            "button_link_1": "shopify://collections/all",
            "button_style_secondary_1": false,
            "button_label_2": "",
            "button_link_2": "",
            "button_style_secondary_2": false
          }
        }
      },
      "block_order": [
        "heading",
        "text",
        "buttons"
      ],
      "settings": {
        "image_overlay_opacity": 20,
        "image_height": "medium",
        "desktop_content_position": "middle-center",
        "show_text_box": true,
        "desktop_content_alignment": "center",
        "color_scheme": "scheme-3",
        "mobile_content_alignment": "center",
        "stack_images_on_mobile": false,
        "show_text_below": false
      }
    },
    "rich_text": {
      "type": "rich-text",
      "blocks": {
        "heading": {
          "type": "heading",
          "settings": {
            "heading": "Our Craft",
            "heading_size": "h1"
          }
        },
        "text": {
          "type": "text",
          "settings": {
            "text": "<p>Each piece is meticulously crafted by our master jewelers, using only the finest ethically sourced materials. We believe in creating jewelry that is not only beautiful but also tells a story.</p>"
          }
        }
      },
      "block_order": [
        "heading",
        "text"
      ],
      "settings": {
        "desktop_content_position": "center",
        "content_alignment": "center",
        "color_scheme": "scheme-1",
        "full_width": true,
        "padding_top": 40,
        "padding_bottom": 52
      }
    },
    "featured_collection": {
      "type": "featured-collection",
      "settings": {
        "title": "Signature Pieces",
        "heading_size": "h1",
        "description": "",
        "show_description": false,
        "description_style": "body",
        "collection": "all",
        "products_to_show": 4,
        "columns_desktop": 4,
        "full_width": false,
        "show_view_all": true,
        "view_all_style": "solid",
        "enable_desktop_slider": false,
        "color_scheme": "scheme-1",
        "image_ratio": "square",
        "image_shape": "default",
        "show_secondary_image": true,
        "show_vendor": false,
        "show_rating": false,
        "columns_mobile": "2",
        "swipe_on_mobile": false,
        "padding_top": 36,
        "padding_bottom": 36
      }
    },
    "collection_list": {
      "type": "collection-list",
      "blocks": {
        "featured_collection_1": {
          "type": "featured_collection",
          "settings": {
            "collection": ""
          }
        },
        "featured_collection_2": {
          "type": "featured_collection",
          "settings": {
            "collection": ""
          }
        },
        "featured_collection_3": {
          "type": "featured_collection",
          "settings": {
            "collection": ""
          }
        }
      },
      "block_order": [
        "featured_collection_1",
        "featured_collection_2",
        "featured_collection_3"
      ],
      "settings": {
        "title": "Explore Our Collections",
        "heading_size": "h1",
        "image_ratio": "square",
        "image_shape": "default",
        "columns_desktop": 3,
        "color_scheme": "scheme-1",
        "show_view_all": false,
        "columns_mobile": "1",
        "swipe_on_mobile": false,
        "padding_top": 36,
        "padding_bottom": 36
      }
    },
    "testimonials": {
      "type": "testimonials",
      "blocks": {
        "column_rxz8FX": {
          "type": "column",
          "settings": {
            "title": "\"I’ll definitely buy again\"",
            "text": "<p>I’ve already placed three orders and everything was perfect. Great quality, excellent service, and fair prices.</p>",
            "image_pos": "below_description",
            "author": "<em><strong>— Michael A., Miami</strong></em>"
          }
        },
        "column_zaqgir": {
          "type": "column",
          "settings": {
            "title": "\"Smooth and easy shopping experience\"",
            "text": "<p>Fast, safe, and hassle-free. Shopping online couldn’t be easier.</p>",
            "image_pos": "below_description",
            "author": "<em><strong>— Laura R., Chicago</strong></em>"
          }
        },
        "column_ThmpM4": {
          "type": "column",
          "settings": {
            "title": "\"Outstanding customer service\"",
            "text": "<p>I had a question and they replied in less than an hour. Very professional and attentive.</p>",
            "image_pos": "below_description",
            "author": "<em><strong>— Chris M., New York</strong></em>"
          }
        }
      },
      "block_order": [
        "column_rxz8FX",
        "column_zaqgir",
        "column_ThmpM4"
      ],
      "settings": {
        "title": "What Our Clients Say",
        "testimonials_per_row": 3,
        "gap": 20,
        "show_stars": true,
        "stars_color": "#C7A17A",
        "background_color": "rgba(199, 161, 122, 0.1)",
        "show_quotes": true,
        "padding_top": 36,
        "padding_bottom": 36
      }
    }
  },
  "order": [
    "image_banner",
    "rich_text",
    "featured_collection",
    "collection_list",
    "testimonials"
  ]
}