{"sections":{"image_with_text_lshpte":{"type":"image-with-text","blocks":{"heading_JCDTiw":{"type":"heading","settings":{"heading":"Smartwatch Triton Ultra AI 3 5G","heading_size":"h1"}},"text_FwrkCd":{"type":"text","settings":{"text":"<p>Tenha em um só dispositivo acesso a aplicativos, chamadas e monitoramento de saúde. Seu parceiro ideal para uma vida conectada e ativa.<\/p>","text_style":"body"}},"button_FXBCPM":{"type":"button","settings":{"button_label":"VER DETALHES","button_link":"#detalhes","button_style_secondary":false}}},"block_order":["heading_JCDTiw","text_FwrkCd","button_FXBCPM"],"name":"t:sections.image-with-text.presets.name","settings":{"image":"shopify:\/\/shop_images\/D_NQ_NP_703696-MLA80802516038_112024-O.webp?v=1756151152","height":"adapt","desktop_image_width":"medium","layout":"text_first","image_behavior":"none","content_layout":"no-overlap","desktop_content_position":"top","desktop_content_alignment":"left","mobile_content_alignment":"left","section_color_scheme":"","color_scheme":"background-1","padding_top":36,"padding_bottom":36}},"rich_text_vl6l30":{"type":"rich-text","blocks":{"heading_eDWQ9a":{"type":"heading","settings":{"heading":"Oferta por Tempo Limitado!","heading_size":"h1"}},"text_KNPyaw":{"type":"text","settings":{"text":"<p>Compre agora e garanta frete grátis e brindes exclusivos!<\/p>"}},"button_aCBz3G":{"type":"button","settings":{"button_label":"COMPRAR AGORA","button_link":"#comprar","button_style_secondary":false,"button_label_2":"","button_link_2":"","button_style_secondary_2":false}}},"block_order":["heading_eDWQ9a","text_KNPyaw","button_aCBz3G"],"name":"t:sections.rich-text.presets.name","settings":{"desktop_content_position":"center","content_alignment":"center","color_scheme":"background-1","full_width":true,"padding_top":40,"padding_bottom":52}},"comparison_table_0jxpap":{"type":"comparison-table","blocks":{"row_7MmAxR":{"type":"row","settings":{"benefit":"Competitor plates heat unevenly, causing hot spots and damage","us":true,"others":false}},"row_XEfCUM":{"type":"row","settings":{"benefit":"Other brands require separate tools for straightening and curling","us":true,"others":false}},"row_qhwGm3":{"type":"row","settings":{"benefit":"Our fast 30-second heat-up beats the 2+ minute wait time of others","us":true,"others":false}}},"block_order":["row_XEfCUM","row_7MmAxR","row_qhwGm3"],"name":"Comparison table","settings":{"title":"How We Compare","heading_size":"h1","text":"<p>See why Basiqe Duo stands out against the competition in performance, speed, and hair protection.<\/p>","button_label":"VAMOS LA, MAN","link":"#","button_style_secondary":false,"title_cell_bg":"#ea7f6c","title_cell_color":"#ffffff","layout":"table_second","style":"classic","logo_width":90,"mobile_logo_width":60,"us_label":"[shop_name]","us_label_size":18,"others_label":"Others","others_label_size":18,"checkmark_color":"#53af01","x_color":"#ff2e2e","opposite_icon_colors":"original","highlighted_separator_opacity":0,"highlighted_overlay_opacity":0,"regular_separator_opacity":10,"regular_overlay_opacity":0,"minimalistic_border_opacity":16,"padding_top":36,"padding_bottom":36}},"main_jjc3ku":{"type":"main-product","blocks":{"price":{"type":"price","settings":{}},"title":{"type":"title","settings":{}},"buy_buttons":{"type":"buy_buttons","settings":{"show_dynamic_checkout":false,"show_gift_card_recipient":false}},"description":{"type":"description","disabled":true,"settings":{}},"reviews_zMURYe":{"type":"reviews","settings":{"display_stars":true,"star_color":"#ffcc00","avatar_alignment":"top","author_1":"<em>Emily Johnson<\/em>","text_1":"<p>I love how versatile the Basiqe Duo is! I can straighten my hair for work and switch to soft waves for evening plans.<\/p>","author_2":"<em>Michael Davis<\/em>","text_2":"<p>Heats up in just 30 seconds and leaves my hair silky smooth. No more frizz!<\/p>","author_3":"<em>Sarah Smith<\/em>","text_3":"<p>Finally a tool that does it all. My curls hold all day and my straight styles look professional.<\/p>"}},"variant_picker":{"type":"variant_picker","settings":{"picker_type":"button","swatch_shape":"circle"}},"quantity_selector":{"type":"quantity_selector","settings":{"enable_quantity_discounts":true,"headline":"","preselected":"option_2","display_badge":"none","badge_text":"Most Popular","enable_variant_selectors":true,"color_scheme":"accent-2","option_1_quantity":1,"option_1_label":"","option_1_benefit":"asasd","option_1_caption":"You save","option_1_percentage_off_text":"","option_1_fixed_amount_off":"0","option_1_compare_price":"compare_price","option_2_quantity":2,"option_2_label":"","option_2_benefit":"asdasd","option_2_caption":"You save [amount_saved]","option_2_percentage_off_text":"10","option_2_fixed_amount_off":"0","option_2_compare_price":"compare_price","option_3_quantity":3,"option_3_label":"","option_3_benefit":"Beneficio","option_3_caption":"You save [amount_saved]","option_3_percentage_off_text":"30","option_3_fixed_amount_off":"","option_3_compare_price":"compare_price","option_4_quantity":0,"option_4_label":"","option_4_benefit":"","option_4_caption":"You save [amount_saved]","option_4_percentage_off_text":"20","option_4_fixed_amount_off":"0","option_4_compare_price":"compare_price","margin_top":15,"margin_bottom":15}},"icon_with_text_gbKmRk":{"type":"icon-with-text","settings":{"layout":"horizontal","icon_1":"heart","heading_1":"Free returns","icon_2":"return","heading_2":"Secure payments","icon_3":"truck","heading_3":"Worldwide shipping"}},"collapsible_tab_CrAAQa":{"type":"collapsible_tab","settings":{"heading":"Shipping Information","icon":"map_pin","content":"","page":"politicas-de-envio-e-frete"}},"collapsible_tab_pLcGzU":{"type":"collapsible_tab","settings":{"heading":"Return Policy","icon":"return","content":"","page":"politicas-de-envio-e-frete"}},"text_1755395633576":{"type":"text","settings":{"text":"✓ New product benefit"}},"text_1755396353044":{"type":"text","settings":{"text":"✓ New product benefit"}},"text_1755396359526":{"type":"text","settings":{"text":"✓ New product benefit"}}},"block_order":["title","price","variant_picker","quantity_selector","buy_buttons","icon_with_text_gbKmRk","reviews_zMURYe","collapsible_tab_CrAAQa","collapsible_tab_pLcGzU","description","text_1755395633576","text_1755396353044","text_1755396359526"],"name":"main","settings":{"enable_sticky_info":true,"color_scheme":"scheme-1","media_size":"medium","constrain_to_viewport":true,"media_fit":"contain","gallery_layout":"thumbnail_slider","mobile_thumbnails":"hide","media_position":"left","image_zoom":"lightbox","hide_variants":true,"enable_video_looping":true,"padding_top":36,"padding_bottom":12}}},"order":["main_jjc3ku","rich_text_vl6l30","image_with_text_lshpte","comparison_table_0jxpap"]}