{"sections":{"main":{"type":"main-product","blocks":{"title":{"type":"title","settings":{}},"price":{"type":"price","settings":{}},"variant_picker":{"type":"variant_picker","settings":{"picker_type":"button","swatch_shape":"circle"}},"quantity_selector":{"type":"quantity_selector","settings":{"enable_quantity_discounts":false,"headline":"BUNDLE & SAVE","preselected":"option_2","display_badge":"none","badge_text":"Most Popular","enable_variant_selectors":true,"color_scheme":"accent-2","option_1_quantity":1,"option_1_label":"","option_1_benefit":"","option_1_caption":"You save","option_1_percentage_off_text":"","option_1_fixed_amount_off":"0","option_1_compare_price":"compare_price","option_2_quantity":2,"option_2_label":"","option_2_benefit":"","option_2_caption":"You save [amount_saved]","option_2_percentage_off_text":"10","option_2_fixed_amount_off":"0","option_2_compare_price":"compare_price","option_3_quantity":3,"option_3_label":"","option_3_benefit":"Beneficio 01","option_3_caption":"You save [amount_saved]","option_3_percentage_off_text":"10","option_3_fixed_amount_off":"","option_3_compare_price":"compare_price","option_4_quantity":0,"option_4_label":"","option_4_benefit":"","option_4_caption":"You save [amount_saved]","option_4_percentage_off_text":"0","option_4_fixed_amount_off":"0","option_4_compare_price":"compare_price","margin_top":15,"margin_bottom":15}},"buy_buttons":{"type":"buy_buttons","settings":{"show_dynamic_checkout":false,"show_gift_card_recipient":false}},"description":{"type":"description","settings":{}}},"block_order":["title","price","variant_picker","quantity_selector","buy_buttons","description"],"settings":{"enable_sticky_info":true,"color_scheme":"scheme-1","media_size":"medium","constrain_to_viewport":true,"media_fit":"contain","gallery_layout":"stacked","mobile_thumbnails":"hide","media_position":"left","image_zoom":"lightbox","hide_variants":true,"enable_video_looping":false,"padding_top":36,"padding_bottom":12}},"related-products":{"type":"related-products","settings":{"heading":"You may also like","heading_size":"h2","products_to_show":4,"columns_desktop":4,"columns_mobile":"2","color_scheme":"scheme-1","image_ratio":"square","image_shape":"default","show_secondary_image":true,"show_vendor":false,"show_rating":false,"padding_top":36,"padding_bottom":28}}},"order":["main","related-products"]}