{
  "name": "t:sections.footer.name",
  "type": "footer",
  "sections": {
    "footer": {
      "type": "footer",
      "blocks": {
        "brand_info": {
          "type": "brand_information",
          "settings": {
            "show_social": true
          }
        },
        "about_us_links": {
          "type": "link_list",
          "settings": {
            "heading": "About Us",
            "menu": "footer"
          }
        },
        "customer_care_links": {
          "type": "link_list",
          "settings": {
            "heading": "Customer Care",
            "menu": "main-menu"
          }
        }
      },
      "block_order": [
        "brand_info",
        "about_us_links",
        "customer_care_links"
      ],
      "settings": {
        "color_scheme": "scheme-3",
        "newsletter_enable": true,
        "newsletter_heading": "Be the First to Know",
        "enable_follow_on_shop": false,
        "show_social": true,
        "enable_country_selector": false,
        "enable_language_selector": false,
        "payment_enable": true,
        "show_policy": true,
        "margin_top": 48,
        "padding_top": 36,
        "padding_bottom": 36
      }
    }
  },
  "order": [
    "footer"
  ]
}